{"cameraMode":{"drawMode":0,"name":"Shaded","section":"Shading Mode"},"sceneLighting":false,"audioPlay":false,"sceneViewState":{"m_AlwaysRefresh":false,"showFog":true,"showSkybox":false,"showFlares":true,"showImageEffects":true,"showParticleSystems":true,"showVisualEffectGraphs":true,"m_FxEnabled":true},"in2DMode":false,"pivot":{"x":-5.540579319000244,"y":0.260932594537735,"z":-1.3696666955947877},"rotation":{"x":-0.19492323696613313,"y":-0.07828458398580551,"z":0.015588040463626385,"w":-0.9775902628898621},"size":0.8660289645195007,"orthographic":false}