{"cameraMode":{"drawMode":0,"name":"Shaded","section":"Shading Mode"},"sceneLighting":false,"audioPlay":false,"sceneViewState":{"m_AlwaysRefresh":false,"showFog":true,"showSkybox":false,"showFlares":true,"showImageEffects":true,"showParticleSystems":true,"showVisualEffectGraphs":true,"m_FxEnabled":true},"in2DMode":false,"pivot":{"x":-0.40185993909835818,"y":1.0773345232009888,"z":-0.001934031373821199},"rotation":{"x":-0.02993672341108322,"y":0.947485625743866,"z":-0.09295942634344101,"w":-0.30475348234176638},"size":1.6025642156600953,"orthographic":false}