{"cameraMode":{"drawMode":0,"name":"Shaded","section":"Shading Mode"},"sceneLighting":false,"audioPlay":false,"sceneViewState":{"m_AlwaysRefresh":false,"showFog":true,"showSkybox":false,"showFlares":true,"showImageEffects":true,"showParticleSystems":true,"showVisualEffectGraphs":true,"m_FxEnabled":true},"in2DMode":false,"pivot":{"x":-8.156814575195313,"y":1.943404197692871,"z":-3.4023420810699465},"rotation":{"x":0.025953570380806924,"y":0.061249323189258578,"z":-0.0015636059688404203,"w":0.9979726672172546},"size":0.9498737454414368,"orthographic":false}