{"cameraMode":{"drawMode":0,"name":"Shaded","section":"Shading Mode"},"sceneLighting":false,"audioPlay":false,"sceneViewState":{"m_AlwaysRefresh":false,"showFog":true,"showSkybox":false,"showFlares":true,"showImageEffects":true,"showParticleSystems":true,"showVisualEffectGraphs":true,"m_FxEnabled":true},"in2DMode":false,"pivot":{"x":0.03167152404785156,"y":-0.012769699096679688,"z":-0.034720659255981448},"rotation":{"x":-0.28918999433517458,"y":-0.14687269926071168,"z":0.04495590552687645,"w":-0.9449070692062378},"size":3.6892688274383547,"orthographic":false}