{"cameraMode":{"drawMode":0,"name":"Shaded","section":"Shading Mode"},"sceneLighting":false,"audioPlay":false,"sceneViewState":{"m_AlwaysRefresh":false,"showFog":true,"showSkybox":false,"showFlares":true,"showImageEffects":true,"showParticleSystems":true,"showVisualEffectGraphs":true,"m_FxEnabled":true},"in2DMode":false,"pivot":{"x":17.627317428588868,"y":0.40164950489997866,"z":-2.349757432937622},"rotation":{"x":0.13456867635250092,"y":-0.8418988585472107,"z":0.24524527788162232,"w":0.4616444408893585},"size":1.337174654006958,"orthographic":false}