{"cameraMode":{"drawMode":0,"name":"Shaded","section":"Shading Mode"},"sceneLighting":false,"audioPlay":false,"sceneViewState":{"m_AlwaysRefresh":false,"showFog":true,"showSkybox":false,"showFlares":true,"showImageEffects":true,"showParticleSystems":true,"showVisualEffectGraphs":true,"m_FxEnabled":true},"in2DMode":false,"pivot":{"x":0.1859569400548935,"y":0.8591398000717163,"z":-0.11109882593154907},"rotation":{"x":-0.24972137808799745,"y":0.17706909775733949,"z":-0.046490974724292758,"w":-0.9509208798408508},"size":0.8660253882408142,"orthographic":false}