{"cameraMode":{"drawMode":0,"name":"Shaded","section":"Shading Mode"},"sceneLighting":true,"audioPlay":false,"sceneViewState":{"m_AlwaysRefresh":false,"showFog":true,"showSkybox":false,"showFlares":true,"showImageEffects":true,"showParticleSystems":true,"showVisualEffectGraphs":true,"m_FxEnabled":true},"in2DMode":false,"pivot":{"x":-3.9357550144195558,"y":19.95282745361328,"z":-11.25263500213623},"rotation":{"x":-0.046793725341558459,"y":0.008099698461592198,"z":-0.0003927788056898862,"w":-0.9989415407180786},"size":0.8660253882408142,"orthographic":false}