{"cameraMode":{"drawMode":0,"name":"Shaded","section":"Shading Mode"},"sceneLighting":true,"audioPlay":false,"sceneViewState":{"m_AlwaysRefresh":false,"showFog":true,"showSkybox":true,"showFlares":true,"showImageEffects":true,"showParticleSystems":true,"showVisualEffectGraphs":true,"m_FxEnabled":true},"in2DMode":false,"pivot":{"x":11.46068000793457,"y":0.9042835831642151,"z":-3.6212034225463869},"rotation":{"x":0.08682451397180557,"y":0.3102271854877472,"z":-0.02847340703010559,"w":0.9462835192680359},"size":0.8660253882408142,"orthographic":false}