{"cameraMode":{"drawMode":0,"name":"Shaded","section":"Shading Mode"},"sceneLighting":false,"audioPlay":false,"sceneViewState":{"m_AlwaysRefresh":false,"showFog":true,"showSkybox":false,"showFlares":true,"showImageEffects":true,"showParticleSystems":true,"showVisualEffectGraphs":true,"m_FxEnabled":true},"in2DMode":false,"pivot":{"x":-5.031425952911377,"y":0.9114917516708374,"z":-1.1980564594268799},"rotation":{"x":0.0699831172823906,"y":0.16415227949619294,"z":-0.011673715896904469,"w":0.9840335249900818},"size":1.3004835844039918,"orthographic":false}