{"cameraMode":{"drawMode":0,"name":"Shaded","section":"Shading Mode"},"sceneLighting":false,"audioPlay":false,"sceneViewState":{"m_AlwaysRefresh":false,"showFog":true,"showSkybox":false,"showFlares":true,"showImageEffects":true,"showParticleSystems":true,"showVisualEffectGraphs":true,"m_FxEnabled":true},"in2DMode":false,"pivot":{"x":1172.343994140625,"y":393.87994384765627,"z":-38.3631591796875},"rotation":{"x":0.21569521725177766,"y":-0.028999557718634607,"z":0.0064077433198690418,"w":0.9760130643844605},"size":1101.45361328125,"orthographic":false}