{"cameraMode":{"drawMode":0,"name":"Shaded","section":"Shading Mode"},"sceneLighting":true,"audioPlay":false,"sceneViewState":{"m_AlwaysRefresh":false,"showFog":true,"showSkybox":true,"showFlares":true,"showImageEffects":true,"showParticleSystems":true,"showVisualEffectGraphs":true,"m_FxEnabled":true},"in2DMode":false,"pivot":{"x":-0.6027343273162842,"y":8.201069831848145,"z":-15.176169395446778},"rotation":{"x":0.13028964400291444,"y":-0.07301438599824906,"z":0.009675435721874237,"w":0.988924503326416},"size":1.8042494058609009,"orthographic":false}