{"cameraMode":{"drawMode":0,"name":"Shaded","section":"Shading Mode"},"sceneLighting":true,"audioPlay":false,"sceneViewState":{"m_AlwaysRefresh":false,"showFog":true,"showSkybox":true,"showFlares":true,"showImageEffects":true,"showParticleSystems":true,"showVisualEffectGraphs":true,"m_FxEnabled":true},"in2DMode":false,"pivot":{"x":-6.388185501098633,"y":2.1588094234466554,"z":-5.952901363372803},"rotation":{"x":0.10480773448944092,"y":0.007754841353744268,"z":-0.0008130023488774896,"w":0.9944996237754822},"size":1.8076685667037964,"orthographic":false}