{"cameraMode":{"drawMode":0,"name":"Shaded","section":"Shading Mode"},"sceneLighting":true,"audioPlay":false,"sceneViewState":{"m_AlwaysRefresh":false,"showFog":true,"showSkybox":true,"showFlares":true,"showImageEffects":true,"showParticleSystems":true,"showVisualEffectGraphs":true,"m_FxEnabled":true},"in2DMode":false,"pivot":{"x":-16.89588165283203,"y":13.684914588928223,"z":-10.202489852905274},"rotation":{"x":-0.17599233984947205,"y":-0.07009980827569962,"z":0.01289789192378521,"w":-0.9822860956192017},"size":3.451307535171509,"orthographic":false}