{"cameraMode":{"drawMode":0,"name":"Shaded","section":"Shading Mode"},"sceneLighting":true,"audioPlay":false,"sceneViewState":{"m_AlwaysRefresh":false,"showFog":true,"showSkybox":true,"showFlares":true,"showImageEffects":true,"showParticleSystems":true,"showVisualEffectGraphs":true,"m_FxEnabled":true},"in2DMode":false,"pivot":{"x":28.348064422607423,"y":4.262594223022461,"z":-16.448001861572267},"rotation":{"x":0.008618848398327828,"y":-0.12804654240608216,"z":-0.0011134943924844266,"w":-0.9917364120483398},"size":0.8660253882408142,"orthographic":false}