{"cameraMode":{"drawMode":0,"name":"Shaded","section":"Shading Mode"},"sceneLighting":true,"audioPlay":false,"sceneViewState":{"m_AlwaysRefresh":false,"showFog":true,"showSkybox":true,"showFlares":true,"showImageEffects":true,"showParticleSystems":true,"showVisualEffectGraphs":true,"m_FxEnabled":true},"in2DMode":false,"pivot":{"x":10.674007415771485,"y":6.533172607421875,"z":-23.73679542541504},"rotation":{"x":0.10866807401180268,"y":-0.000020923136617057025,"z":-0.0001762606407282874,"w":0.9939149618148804},"size":3.897087574005127,"orthographic":false}