{"cameraMode":{"drawMode":0,"name":"Shaded","section":"Shading Mode"},"sceneLighting":true,"audioPlay":false,"sceneViewState":{"m_AlwaysRefresh":false,"showFog":true,"showSkybox":true,"showFlares":true,"showImageEffects":true,"showParticleSystems":true,"showVisualEffectGraphs":true,"m_FxEnabled":true},"in2DMode":false,"pivot":{"x":20.655366897583009,"y":9.04954719543457,"z":-30.172618865966798},"rotation":{"x":-0.15514148771762849,"y":-0.0033875240478664638,"z":-0.00004347040521679446,"w":-0.9878904223442078},"size":0.8660253882408142,"orthographic":false}