{"cameraMode":{"drawMode":0,"name":"Shaded","section":"Shading Mode"},"sceneLighting":true,"audioPlay":false,"sceneViewState":{"m_AlwaysRefresh":false,"showFog":true,"showSkybox":true,"showFlares":true,"showImageEffects":true,"showParticleSystems":true,"showVisualEffectGraphs":true,"m_FxEnabled":true},"in2DMode":false,"pivot":{"x":18.028522491455079,"y":8.698019981384278,"z":-25.454620361328126},"rotation":{"x":-0.05606202781200409,"y":0.20480556786060334,"z":-0.01175613235682249,"w":-0.9771813750267029},"size":0.8660253882408142,"orthographic":false}