{"cameraMode":{"drawMode":0,"name":"Shaded","section":"Shading Mode"},"sceneLighting":true,"audioPlay":false,"sceneViewState":{"m_AlwaysRefresh":false,"showFog":true,"showSkybox":true,"showFlares":true,"showImageEffects":true,"showParticleSystems":true,"showVisualEffectGraphs":true,"m_FxEnabled":true},"in2DMode":false,"pivot":{"x":11.879581451416016,"y":-1.3871357440948487,"z":34.50067138671875},"rotation":{"x":0.0602857805788517,"y":0.0044828555546700958,"z":-0.00023230280203279108,"w":0.9983946681022644},"size":30.542028427124025,"orthographic":false}