{"cameraMode":{"drawMode":0,"name":"Shaded","section":"Shading Mode"},"sceneLighting":true,"audioPlay":false,"sceneViewState":{"m_AlwaysRefresh":false,"showFog":true,"showSkybox":true,"showFlares":true,"showImageEffects":true,"showParticleSystems":true,"showVisualEffectGraphs":true,"m_FxEnabled":true},"in2DMode":false,"pivot":{"x":12.337623596191407,"y":3.672635793685913,"z":-13.078612327575684},"rotation":{"x":-0.08867281675338745,"y":0.025003373622894288,"z":-0.002187249017879367,"w":-0.9958236217498779},"size":1.9413174390792847,"orthographic":false}