{"cameraMode":{"drawMode":0,"name":"Shaded","section":"Shading Mode"},"sceneLighting":true,"audioPlay":false,"sceneViewState":{"m_AlwaysRefresh":false,"showFog":true,"showSkybox":true,"showFlares":true,"showImageEffects":true,"showParticleSystems":true,"showVisualEffectGraphs":true,"m_FxEnabled":true},"in2DMode":false,"pivot":{"x":-38.0136604309082,"y":34.03778839111328,"z":8.427336692810059},"rotation":{"x":-0.16159901022911073,"y":0.015409459359943867,"z":-0.002509746002033353,"w":-0.9868664741516113},"size":2.5754473209381105,"orthographic":false}