{"cameraMode":{"drawMode":0,"name":"Shaded","section":"Shading Mode"},"sceneLighting":true,"audioPlay":false,"sceneViewState":{"m_AlwaysRefresh":false,"showFog":true,"showSkybox":true,"showFlares":true,"showImageEffects":true,"showParticleSystems":true,"showVisualEffectGraphs":true,"m_FxEnabled":true},"in2DMode":false,"pivot":{"x":-71.3133773803711,"y":29.60034942626953,"z":-41.28877639770508},"rotation":{"x":0.08273013681173325,"y":-0.04479462653398514,"z":0.002643109066411853,"w":0.9961943626403809},"size":0.24139156937599183,"orthographic":false}