{"cameraMode":{"drawMode":0,"name":"Shaded","section":"Shading Mode"},"sceneLighting":true,"audioPlay":false,"sceneViewState":{"m_AlwaysRefresh":false,"showFog":true,"showSkybox":true,"showFlares":true,"showImageEffects":true,"showParticleSystems":true,"showVisualEffectGraphs":true,"m_FxEnabled":true},"in2DMode":false,"pivot":{"x":-62.8869514465332,"y":27.629901885986329,"z":-26.304527282714845},"rotation":{"x":-0.1779451072216034,"y":-0.000530810619238764,"z":0.001506173750385642,"w":-0.9845489263534546},"size":16.108448028564454,"orthographic":false}