{"cameraMode":{"drawMode":0,"name":"Shaded","section":"Shading Mode"},"sceneLighting":true,"audioPlay":false,"sceneViewState":{"m_AlwaysRefresh":false,"showFog":true,"showSkybox":true,"showFlares":true,"showImageEffects":true,"showParticleSystems":true,"showVisualEffectGraphs":true,"m_FxEnabled":true},"in2DMode":false,"pivot":{"x":-9.099211692810059,"y":0.048386815935373309,"z":-3.3406989574432375},"rotation":{"x":0.1073257252573967,"y":-0.24608510732650758,"z":0.027431545779109,"w":0.9629320502281189},"size":0.9457213878631592,"orthographic":false}