{"cameraMode":{"drawMode":0,"name":"Shaded","section":"Shading Mode"},"sceneLighting":true,"audioPlay":false,"sceneViewState":{"m_AlwaysRefresh":false,"showFog":true,"showSkybox":true,"showFlares":true,"showImageEffects":true,"showParticleSystems":true,"showVisualEffectGraphs":true,"m_FxEnabled":true},"in2DMode":false,"pivot":{"x":11.117880821228028,"y":3.9404382705688478,"z":-8.042525291442871},"rotation":{"x":-0.22917263209819795,"y":0.02588568441569805,"z":-0.006096417549997568,"w":-0.9730283617973328},"size":3.183232069015503,"orthographic":false}