{"cameraMode":{"drawMode":0,"name":"Shaded","section":"Shading Mode"},"sceneLighting":true,"audioPlay":false,"sceneViewState":{"m_AlwaysRefresh":false,"showFog":true,"showSkybox":true,"showFlares":true,"showImageEffects":true,"showParticleSystems":true,"showVisualEffectGraphs":true,"m_FxEnabled":true},"in2DMode":false,"pivot":{"x":5.870114326477051,"y":4.794500350952148,"z":-13.515249252319336},"rotation":{"x":-0.07934089750051499,"y":0.04362989962100983,"z":-0.003671297337859869,"w":-0.995993971824646},"size":0.9457213878631592,"orthographic":false}