{"cameraMode":{"drawMode":0,"name":"Shaded","section":"Shading Mode"},"sceneLighting":true,"audioPlay":false,"sceneViewState":{"m_AlwaysRefresh":false,"showFog":true,"showSkybox":true,"showFlares":true,"showImageEffects":true,"showParticleSystems":true,"showVisualEffectGraphs":true,"m_FxEnabled":true},"in2DMode":false,"pivot":{"x":8.03441333770752,"y":0.9878078699111939,"z":7.199048042297363},"rotation":{"x":0.20551572740077973,"y":-0.012924031354486943,"z":0.0027021931018680336,"w":0.9786089658737183},"size":17.013521194458009,"orthographic":false}