{"cameraMode":{"drawMode":0,"name":"Shaded","section":"Shading Mode"},"sceneLighting":false,"audioPlay":false,"sceneViewState":{"m_AlwaysRefresh":false,"showFog":true,"showSkybox":false,"showFlares":true,"showImageEffects":true,"showParticleSystems":true,"showVisualEffectGraphs":true,"m_FxEnabled":true},"in2DMode":false,"pivot":{"x":30.123079299926759,"y":-0.30096369981765749,"z":-3.4613823890686037},"rotation":{"x":0.15841519832611085,"y":-0.007646440993994474,"z":0.0008882756228558719,"w":0.9873616695404053},"size":1.456095576286316,"orthographic":false}