{"cameraMode":{"drawMode":0,"name":"Shaded","section":"Shading Mode"},"sceneLighting":false,"audioPlay":false,"sceneViewState":{"m_AlwaysRefresh":false,"showFog":true,"showSkybox":false,"showFlares":true,"showImageEffects":true,"showParticleSystems":true,"showVisualEffectGraphs":true,"m_FxEnabled":true},"in2DMode":false,"pivot":{"x":30.21462059020996,"y":-0.2593710422515869,"z":-3.448112964630127},"rotation":{"x":0.1509987711906433,"y":0.008658017963171006,"z":-0.0016607415163889528,"w":0.9885138869285584},"size":1.456095576286316,"orthographic":false}