{"cameraMode":{"drawMode":0,"name":"Shaded","section":"Shading Mode"},"sceneLighting":false,"audioPlay":false,"sceneViewState":{"m_AlwaysRefresh":false,"showFog":true,"showSkybox":false,"showFlares":true,"showImageEffects":true,"showParticleSystems":true,"showVisualEffectGraphs":true,"m_FxEnabled":true},"in2DMode":false,"pivot":{"x":-1.1445878744125367,"y":1.1726655960083008,"z":5.384060859680176},"rotation":{"x":-0.13189734518527986,"y":-0.02270055003464222,"z":0.0030320207588374616,"w":-0.9910615086555481},"size":2.2516660690307619,"orthographic":false}