{"cameraMode":{"drawMode":0,"name":"Shaded","section":"Shading Mode"},"sceneLighting":false,"audioPlay":false,"sceneViewState":{"m_AlwaysRefresh":false,"showFog":true,"showSkybox":false,"showFlares":true,"showImageEffects":true,"showParticleSystems":true,"showVisualEffectGraphs":true,"m_FxEnabled":true},"in2DMode":false,"pivot":{"x":-0.11236929893493653,"y":-0.0588228702545166,"z":0.019073009490966798},"rotation":{"x":-0.28918999433517458,"y":-0.14687269926071168,"z":0.04495590552687645,"w":-0.9449070692062378},"size":3.8219079971313478,"orthographic":false}