{"cameraMode":{"drawMode":0,"name":"Shaded","section":"Shading Mode"},"sceneLighting":false,"audioPlay":false,"sceneViewState":{"m_AlwaysRefresh":false,"showFog":true,"showSkybox":false,"showFlares":true,"showImageEffects":true,"showParticleSystems":true,"showVisualEffectGraphs":true,"m_FxEnabled":true},"in2DMode":false,"pivot":{"x":-0.08596372604370117,"y":0.09506416320800781,"z":-0.04998779296875},"rotation":{"x":-0.28918999433517458,"y":-0.14687269926071168,"z":0.04495590552687645,"w":-0.9449070692062378},"size":4.799107074737549,"orthographic":false}