{"cameraMode":{"drawMode":0,"name":"Shaded","section":"Shading Mode"},"sceneLighting":false,"audioPlay":false,"sceneViewState":{"m_AlwaysRefresh":false,"showFog":true,"showSkybox":false,"showFlares":true,"showImageEffects":true,"showParticleSystems":true,"showVisualEffectGraphs":true,"m_FxEnabled":true},"in2DMode":false,"pivot":{"x":15.316537857055664,"y":6.479517459869385,"z":-2.814932346343994},"rotation":{"x":0.2181803584098816,"y":0.17199157178401948,"z":-0.039097171276807788,"w":0.9598962068557739},"size":0.5747952461242676,"orthographic":false}