{"cameraMode":{"drawMode":0,"name":"Shaded","section":"Shading Mode"},"sceneLighting":false,"audioPlay":false,"sceneViewState":{"m_AlwaysRefresh":false,"showFog":true,"showSkybox":false,"showFlares":true,"showImageEffects":true,"showParticleSystems":true,"showVisualEffectGraphs":true,"m_FxEnabled":true},"in2DMode":false,"pivot":{"x":-9.007814407348633,"y":0.2233457714319229,"z":-3.0825276374816896},"rotation":{"x":-0.0811227336525917,"y":-0.049713216722011569,"z":0.004105571191757917,"w":-0.9955316781997681},"size":2.0637755393981935,"orthographic":false}