{"cameraMode":{"drawMode":0,"name":"Shaded","section":"Shading Mode"},"sceneLighting":false,"audioPlay":false,"sceneViewState":{"m_AlwaysRefresh":false,"showFog":true,"showSkybox":false,"showFlares":true,"showImageEffects":true,"showParticleSystems":true,"showVisualEffectGraphs":true,"m_FxEnabled":true},"in2DMode":false,"pivot":{"x":0.11500746011734009,"y":1.7301992177963257,"z":-4.157146453857422},"rotation":{"x":0.008878612890839577,"y":0.49173226952552798,"z":0.005002477206289768,"w":-0.8707084655761719},"size":2.1794495582580568,"orthographic":false}