{"cameraMode":{"drawMode":0,"name":"Shaded","section":"Shading Mode"},"sceneLighting":false,"audioPlay":false,"sceneViewState":{"m_AlwaysRefresh":false,"showFog":true,"showSkybox":false,"showFlares":true,"showImageEffects":true,"showParticleSystems":true,"showVisualEffectGraphs":true,"m_FxEnabled":true},"in2DMode":false,"pivot":{"x":0.002151012420654297,"y":-0.0464780330657959,"z":-0.012776851654052735},"rotation":{"x":-0.28918999433517458,"y":-0.14687269926071168,"z":0.04495590552687645,"w":-0.9449070692062378},"size":2.1184163093566896,"orthographic":false}